source;target;pre_link;post_link
69531;2682;1;0
12948;2682;1;0
7440;2682;1;0
54391;2682;1;0
12937;2682;1;0
12924;2682;1;0
12925;2682;1;0
54376;2682;1;0
8295;2682;1;0
12936;2682;1;0
12939;2682;1;0
12932;2682;1;0
54392;2682;1;0
2688;2682;1;0
60719;2682;1;0
12938;2684;1;0
54389;2684;1;0
2703;2684;1;0
54365;2684;1;1
12923;2684;1;0
12933;2684;0;1
62161;2684;1;0
2705;2684;1;0
69278;2684;1;0
69531;2684;1;0
54393;2684;1;1
12930;2684;1;0
63112;2684;1;0
22692;2684;0;1
2698;2684;1;0
2687;2684;0;1
12943;2684;1;0
69531;2686;1;1
69278;2686;0;1
22693;2686;1;1
2695;2686;0;1
12925;2686;1;1
2697;2686;1;0
22692;2686;1;1
12932;2686;1;1
2698;2686;1;1
80349;2686;0;1
12924;2686;1;1
116508;2686;0;1
58364;2686;0;1
2705;2686;1;1
73991;2686;1;1
60719;2686;0;1
12948;2686;0;1
70492;2686;1;1
54393;2686;0;1
108863;2686;1;0
2693;2686;1;0
60797;2687;0;1
22692;2687;0;1
12925;2687;1;0
57200;2687;1;0
2693;2687;1;0
82263;2687;0;1
2684;2687;0;1
78976;2687;1;0
69278;2687;1;1
12948;2687;1;0
54381;2687;1;0
85782;2688;1;1
2682;2688;1;0
92805;2688;1;1
22695;2688;0;1
22692;2690;1;0
7462;2690;0;1
12935;2690;0;1
62161;2690;1;0
12930;2690;1;0
54384;2690;0;1
22695;2691;1;1
22693;2691;0;1
2698;2691;1;0
78976;2693;1;0
57200;2693;1;0
12948;2693;1;0
69278;2693;1;0
2686;2693;1;0
22692;2693;1;0
2687;2693;1;0
54381;2693;1;0
7467;2694;1;0
8924;2694;1;0
54388;2694;1;0
82263;2694;1;0
12951;2694;1;0
80349;2695;0;1
2686;2695;0;1
2698;2695;0;1
12925;2695;0;1
2705;2695;0;1
69531;2695;0;1
12924;2695;0;1
85423;2695;1;0
12922;2695;1;0
12931;2695;0;1
22693;2695;0;1
12932;2695;0;1
12933;2697;0;1
22695;2697;1;0
80349;2697;0;1
2686;2697;1;0
2703;2697;0;1
58364;2698;1;1
2705;2698;1;1
69531;2698;1;1
22695;2698;0;1
2684;2698;1;0
12943;2698;1;0
54365;2698;1;0
12925;2698;0;1
2686;2698;1;1
80349;2698;0;1
22693;2698;1;1
54389;2698;1;0
12932;2698;0;1
2691;2698;1;0
8924;2698;0;1
12923;2698;1;0
12938;2698;1;0
82263;2698;1;0
62161;2698;1;0
2703;2698;1;0
2695;2698;0;1
12930;2698;1;0
63112;2698;1;0
12924;2698;0;1
12930;2703;1;1
73991;2703;0;1
2705;2703;1;0
40078;2703;1;0
12933;2703;1;1
69531;2703;1;0
2697;2703;0;1
22692;2703;0;1
2698;2703;1;0
108863;2703;0;1
2684;2703;1;0
12938;2703;1;0
79804;2703;1;0
62161;2703;1;0
12922;2703;0;1
54365;2703;1;0
12923;2703;1;0
63112;2703;1;1
54389;2703;1;0
12943;2703;1;0
7467;2703;0;1
12931;2703;0;1
12930;2705;1;1
12931;2705;0;1
22693;2705;1;1
2698;2705;1;1
54389;2705;1;0
12932;2705;0;1
12943;2705;1;0
63112;2705;1;1
12933;2705;0;1
12938;2705;1;0
12925;2705;0;1
69531;2705;1;1
54365;2705;1;0
12924;2705;0;1
2695;2705;0;1
2703;2705;1;0
2686;2705;1;1
58364;2705;0;1
82263;2705;1;1
62161;2705;1;0
12923;2705;1;0
2684;2705;1;0
80349;2705;0;1
7410;7409;1;1
36830;7409;0;1
36837;7409;1;1
36853;7409;1;1
36836;7409;1;1
80484;7409;1;1
73243;7409;1;0
36842;7409;1;0
36838;7409;1;0
36841;7409;1;1
36839;7409;1;0
36859;7409;1;0
36833;7409;1;0
36860;7409;1;0
36859;7410;1;1
7409;7410;1;1
36853;7410;1;1
73243;7410;1;1
7440;7410;0;1
36836;7410;1;1
36860;7410;1;1
36837;7410;1;1
36841;7410;1;1
36830;7410;1;1
36885;7410;1;0
36888;7410;0;1
80484;7410;0;1
36838;7410;1;1
111607;7410;0;1
36833;7410;1;0
36875;7410;0;1
7434;7410;1;0
7443;7410;1;0
36887;7410;1;1
66473;7410;1;0
9933;7410;0;1
36840;7410;1;1
36839;7411;1;1
36834;7411;0;1
36842;7411;0;1
7432;7412;0;1
12937;7412;1;0
36839;7412;0;1
81353;7418;0;1
80891;7418;0;1
115654;7418;0;1
63089;7418;1;1
43119;7418;0;1
7459;7430;1;1
54732;7430;0;1
7443;7430;1;0
36866;7430;1;0
55808;7430;1;0
9942;7430;0;1
7448;7430;1;0
36864;7430;1;0
36884;7430;1;0
56660;7430;1;0
54368;7431;1;1
36859;7431;0;1
36855;7431;0;1
7439;7431;1;0
7440;7431;1;1
61474;7431;1;1
36936;7431;1;1
36854;7431;1;1
36856;7431;1;1
7442;7431;1;1
7444;7431;1;1
7445;7431;1;1
7437;7431;1;0
36886;7431;1;1
73243;7431;1;1
12937;7431;1;1
7447;7431;1;1
94305;7431;0;1
36875;7431;1;1
36889;7431;1;1
66473;7431;0;1
12925;7431;1;1
60017;7431;1;1
36853;7431;0;1
73983;7431;0;1
75366;7431;0;1
9933;7431;1;1
43553;7431;0;1
85068;7431;0;1
9955;7431;0;1
111607;7431;0;1
7439;7432;1;1
94287;7432;0;1
74204;7432;1;0
7453;7432;1;0
36863;7432;1;1
54753;7432;1;0
7436;7432;1;1
7452;7432;1;0
7412;7432;0;1
7451;7432;1;0
85764;7432;0;1
36883;7434;1;1
85083;7434;1;1
7410;7434;1;0
7446;7434;1;1
36857;7434;0;1
7450;7434;1;1
36860;7434;1;0
7455;7434;1;1
36862;7434;1;1
80891;7434;1;0
36885;7434;1;1
116035;7434;0;1
7454;7434;1;1
36851;7434;1;0
36853;7434;1;0
9924;7434;1;0
36840;7434;1;0
9942;7434;0;1
36867;7434;0;1
9957;7434;1;0
36859;7434;1;0
36884;7435;1;1
36866;7435;1;1
56660;7435;1;1
7443;7435;1;1
36864;7435;1;1
55808;7435;1;0
116573;7435;0;1
7448;7435;1;1
54732;7435;1;0
36856;7435;1;0
7459;7435;1;0
36877;7436;1;1
7452;7436;1;1
74204;7436;1;1
36863;7436;1;1
7432;7436;1;1
7439;7436;1;1
85764;7436;1;1
36868;7436;1;1
94287;7436;0;1
54753;7436;1;1
7451;7436;1;1
71555;7436;0;1
7453;7436;1;0
36854;7437;1;1
85068;7437;1;1
36875;7437;1;1
36837;7437;0;1
7431;7437;1;0
7445;7437;1;1
36889;7437;1;1
71555;7437;0;1
7447;7437;1;1
7440;7437;0;1
36839;7437;0;1
36830;7437;1;0
36936;7437;1;0
7444;7437;1;1
69531;7437;1;0
7441;7437;0;1
7452;7437;0;1
7442;7437;1;1
94305;7437;0;1
36877;7437;0;1
36853;7437;1;0
7459;7437;1;0
82797;7437;0;1
36868;7437;0;1
40071;7437;1;0
36872;7439;1;1
7447;7439;1;0
36889;7439;1;0
36875;7439;1;0
7452;7439;1;1
36876;7439;1;0
36868;7439;1;0
7445;7439;1;1
7475;7439;1;0
36863;7439;1;1
54392;7439;1;0
7451;7439;1;1
7432;7439;1;1
7463;7439;1;0
71555;7439;1;1
12947;7439;1;0
36877;7439;1;1
7436;7439;1;1
7431;7439;1;0
85764;7439;1;1
94287;7439;0;1
74204;7439;1;0
7444;7440;1;1
7441;7440;0;1
7442;7440;1;1
73834;7440;0;1
36875;7440;1;1
73243;7440;1;1
36888;7440;0;1
85068;7440;1;1
43553;7440;0;1
54368;7440;1;0
36856;7440;1;1
36853;7440;1;1
7447;7440;1;1
61474;7440;1;1
12937;7440;1;1
36855;7440;0;1
75366;7440;0;1
36860;7440;0;1
36854;7440;1;0
36838;7440;0;1
36859;7440;0;1
7431;7440;1;1
9933;7440;0;1
7410;7440;0;1
111607;7440;0;1
66473;7440;0;1
36886;7440;1;1
9955;7440;0;1
73983;7440;0;1
36885;7440;1;0
82797;7440;1;0
60719;7440;1;0
60017;7440;0;1
8295;7440;1;0
7452;7440;1;0
7437;7440;0;1
7445;7440;0;1
2682;7440;1;0
40071;7441;1;0
75366;7441;1;1
36887;7441;1;0
7444;7441;1;1
7440;7441;0;1
8909;7441;1;0
7442;7441;1;1
36853;7441;1;1
36875;7441;1;0
61474;7441;1;0
54370;7441;1;0
66473;7441;1;0
8295;7441;1;0
36888;7441;1;0
7437;7441;0;1
40069;7441;1;0
54372;7441;1;0
36854;7442;1;1
36853;7442;1;1
36889;7442;1;1
7440;7442;1;1
36859;7442;0;1
85068;7442;1;1
7437;7442;1;1
7444;7442;1;1
54372;7442;1;0
72190;7442;0;1
7431;7442;1;1
7441;7442;1;1
82797;7442;0;1
66473;7442;1;0
54370;7442;1;0
40066;7442;1;0
36885;7442;1;0
8916;7442;1;0
61474;7442;1;0
9933;7442;1;1
8914;7442;1;0
8909;7442;1;0
73983;7442;0;1
54379;7442;0;1
94305;7442;0;1
69531;7442;1;0
40074;7442;1;0
7452;7442;1;0
40071;7442;1;0
43553;7442;0;1
9955;7442;0;1
71132;7442;1;0
8295;7442;1;0
12931;7442;1;0
60017;7442;1;1
40069;7442;1;0
7454;7443;1;1
36884;7443;1;1
55808;7443;1;1
36860;7443;1;1
36864;7443;1;1
7459;7443;1;1
36866;7443;1;1
7448;7443;1;1
7430;7443;1;0
7435;7443;1;1
36840;7443;1;1
56660;7443;1;1
36856;7443;1;0
7410;7443;1;0
36887;7443;1;1
36854;7444;1;1
7442;7444;1;1
12925;7444;1;1
7441;7444;1;1
43553;7444;0;1
71132;7444;1;0
40066;7444;1;1
7437;7444;1;1
40074;7444;1;0
36855;7444;1;0
9933;7444;1;1
8916;7444;1;0
61474;7444;1;0
40071;7444;1;0
36859;7444;0;1
7452;7444;1;0
12937;7444;1;1
36875;7444;1;0
85068;7444;1;1
36853;7444;1;1
7431;7444;1;1
8914;7444;1;0
7440;7444;1;1
36886;7444;1;0
8909;7444;1;0
54368;7444;1;0
40069;7444;1;0
54372;7444;1;0
82797;7444;0;1
69531;7444;1;0
36887;7444;1;0
73983;7444;0;1
7446;7444;0;1
60017;7444;1;1
8295;7444;1;0
9955;7444;0;1
54370;7444;1;0
66473;7444;1;0
36889;7445;1;1
36855;7445;0;1
36876;7445;1;1
36936;7445;1;1
7439;7445;1;1
40064;7445;1;0
80891;7445;1;1
36886;7445;0;1
36888;7445;1;0
40072;7445;1;0
7431;7445;1;1
40065;7445;1;0
8909;7445;1;0
36856;7445;0;1
73243;7445;0;1
54392;7445;1;1
61474;7445;0;1
94305;7445;0;1
7437;7445;1;1
75366;7445;0;1
7440;7445;0;1
7463;7445;1;0
57200;7445;0;1
36853;7445;0;1
36854;7445;0;1
66473;7445;0;1
7475;7445;1;0
7454;7446;1;1
7444;7446;0;1
7434;7446;1;1
36862;7446;1;1
116035;7446;0;1
36857;7446;0;1
7450;7446;1;1
36883;7446;1;1
36885;7446;0;1
61474;7447;1;1
36889;7447;1;1
36855;7447;0;1
36888;7447;0;1
7431;7447;1;1
36919;7447;0;1
40064;7447;1;1
7439;7447;1;0
40065;7447;1;0
36856;7447;1;1
80891;7447;1;1
36876;7447;1;1
75366;7447;0;1
7437;7447;1;1
36936;7447;1;1
36886;7447;1;1
7440;7447;1;1
54392;7447;1;1
36854;7447;0;1
40072;7447;1;0
12936;7447;1;0
57200;7447;0;1
73243;7447;0;1
8909;7447;1;0
66473;7447;0;1
36853;7447;0;1
36864;7448;1;1
56660;7448;1;1
36884;7448;1;1
7430;7448;1;0
36856;7448;1;0
54732;7448;1;1
7435;7448;1;1
7459;7448;1;1
55808;7448;1;1
7452;7448;1;0
36866;7448;1;1
36840;7448;1;0
7443;7448;1;1
9924;7448;1;0
7454;7448;1;0
7476;7449;1;1
81353;7449;1;0
77714;7449;1;0
36873;7449;1;0
36892;7449;1;0
7455;7450;1;1
7454;7450;1;1
36885;7450;1;1
36883;7450;1;1
7434;7450;1;1
7446;7450;1;1
36862;7450;1;1
85083;7450;1;1
36867;7450;0;1
36868;7451;1;1
7452;7451;1;1
7436;7451;1;1
74204;7451;1;0
36892;7451;1;0
7453;7451;1;0
7439;7451;1;1
7432;7451;1;0
36877;7451;1;1
71555;7451;0;1
36863;7451;1;0
36868;7452;1;1
12947;7452;1;0
71555;7452;1;1
8295;7452;1;0
74204;7452;1;0
36877;7452;1;1
7439;7452;1;1
36872;7452;0;1
36925;7452;0;1
7440;7452;1;0
36854;7452;1;0
7448;7452;1;0
7436;7452;1;1
7442;7452;1;0
36863;7452;1;1
7432;7452;1;0
7451;7452;1;1
85764;7452;1;0
7437;7452;0;1
85068;7452;0;1
54753;7452;0;1
36865;7452;0;1
7444;7452;1;0
7451;7453;1;0
36879;7453;0;1
78538;7453;1;0
77714;7453;0;1
104079;7453;0;1
7476;7453;0;1
7432;7453;1;0
36872;7453;0;1
36892;7453;0;1
54394;7453;1;0
7436;7453;1;0
7446;7454;1;1
7450;7454;1;1
36862;7454;1;1
7443;7454;1;1
7455;7454;1;1
7434;7454;1;1
36867;7454;1;1
55808;7454;1;1
36883;7454;1;1
9957;7454;1;0
36840;7454;1;1
36885;7454;1;0
22693;7454;1;0
7448;7454;1;0
36856;7454;1;0
40072;7454;1;0
36885;7455;1;1
7450;7455;1;1
7454;7455;1;1
85083;7455;1;1
7434;7455;1;1
36883;7455;1;0
36862;7455;1;1
36862;7458;1;0
43542;7458;0;1
36934;7458;0;1
68349;7458;1;1
43548;7458;0;1
36885;7458;1;0
9928;7458;1;1
7463;7458;0;1
36883;7458;1;0
114782;7458;0;1
7430;7459;1;1
7443;7459;1;1
9942;7459;1;1
7448;7459;1;1
55808;7459;1;1
54732;7459;1;1
36864;7459;1;1
36866;7459;1;1
36884;7459;1;0
71555;7459;0;1
7437;7459;1;0
9924;7459;0;1
7435;7459;1;0
36856;7459;1;0
9928;7460;1;0
43553;7460;1;0
9945;7460;1;0
106052;7461;0;1
36924;7461;0;1
9945;7461;1;1
7463;7461;1;1
9925;7461;1;1
43544;7461;1;1
9938;7461;1;1
92988;7461;0;1
110886;7461;0;1
36926;7461;0;1
36889;7461;0;1
9947;7461;1;1
7475;7461;1;0
9948;7461;0;1
12935;7462;0;1
7467;7462;1;1
40073;7462;0;1
8924;7462;1;0
82263;7462;1;0
2690;7462;0;1
12951;7462;1;0
54388;7462;1;0
36924;7463;1;1
68349;7463;0;1
7469;7463;1;0
81491;7463;1;1
7475;7463;1;1
80891;7463;1;1
36889;7463;0;1
43546;7463;1;0
36925;7463;0;1
110886;7463;0;1
106052;7463;0;1
43544;7463;1;1
9947;7463;0;1
9938;7463;1;1
7473;7463;1;0
36936;7463;1;1
9945;7463;1;1
36929;7463;1;0
7458;7463;0;1
36926;7463;1;1
36851;7463;1;1
36923;7463;1;1
92988;7463;0;1
7474;7463;1;1
36875;7463;1;0
7439;7463;1;0
9925;7463;0;1
116611;7463;0;1
7466;7463;1;0
7461;7463;1;1
7445;7463;1;0
43119;7463;1;0
36934;7466;0;1
80891;7466;1;1
36936;7466;1;0
7463;7466;1;0
81353;7466;0;1
36924;7466;1;1
7473;7466;1;0
43119;7466;1;0
7475;7466;1;0
36836;7466;0;1
63175;7466;0;1
36886;7466;0;1
36939;7466;0;1
36851;7466;1;1
36929;7466;1;0
2694;7467;1;0
7462;7467;1;1
63112;7467;0;1
12930;7467;0;1
2703;7467;0;1
36923;7468;1;0
36925;7469;1;0
7463;7469;1;0
36929;7469;1;0
43546;7469;1;0
36926;7469;1;0
43119;7470;1;1
36918;7470;1;1
36938;7470;1;1
43124;7470;0;1
80891;7470;0;1
36927;7470;0;1
61098;7471;1;1
36929;7471;1;0
81491;7472;1;0
36929;7473;1;1
7474;7473;1;0
7466;7473;1;0
7463;7473;1;0
80891;7473;1;0
7475;7473;1;0
36924;7473;1;0
43119;7473;1;0
36851;7473;1;0
36936;7473;1;0
7463;7474;1;1
36851;7474;0;1
36929;7474;1;1
7473;7474;1;0
80891;7474;1;1
116611;7474;0;1
36923;7474;0;1
43546;7474;0;1
36924;7474;1;1
36926;7474;0;1
43550;7474;0;1
7475;7474;1;1
36851;7475;1;1
80891;7475;1;1
7461;7475;1;0
7463;7475;1;1
36936;7475;1;1
9938;7475;1;0
43544;7475;1;0
36875;7475;1;0
36929;7475;1;1
7474;7475;1;1
8916;7475;0;1
7466;7475;1;0
65585;7475;0;1
7473;7475;1;0
43119;7475;1;0
7445;7475;1;0
9945;7475;1;0
7439;7475;1;0
12945;7475;0;1
36924;7475;1;0
81353;7476;1;1
36879;7476;1;1
7453;7476;0;1
77714;7476;0;1
7449;7476;1;1
36873;7476;1;1
9927;7476;1;0
8909;8295;1;0
12936;8295;1;1
40069;8295;1;0
12945;8295;1;0
54368;8295;0;1
54376;8295;1;0
40071;8295;1;0
12939;8295;1;0
61474;8295;1;0
69531;8295;1;0
66473;8295;1;0
54394;8295;1;0
54370;8295;1;0
7442;8295;1;0
40085;8295;1;0
36853;8295;1;0
7444;8295;1;0
54372;8295;1;1
54391;8295;1;0
7452;8295;1;0
36886;8295;1;0
57200;8295;0;1
54392;8295;1;0
12937;8295;0;1
2682;8295;1;0
12948;8295;1;0
36887;8295;1;0
12925;8295;1;0
36854;8295;1;0
7440;8295;1;0
7441;8295;1;0
62161;8908;0;1
8914;8908;1;1
8910;8908;1;1
40062;8908;1;1
12931;8908;1;1
12925;8908;1;0
59662;8908;1;0
43126;8908;1;1
71889;8908;0;1
40074;8908;1;1
12929;8908;0;1
60797;8908;1;0
71126;8908;1;0
8912;8908;1;1
12930;8908;0;1
40086;8908;1;0
43123;8908;1;0
111483;8908;0;1
54372;8909;1;1
40066;8909;1;1
40080;8909;1;1
40071;8909;1;1
40065;8909;1;1
7442;8909;1;0
54370;8909;1;0
40064;8909;1;1
40072;8909;1;1
40068;8909;1;0
40069;8909;1;1
61474;8909;1;0
66473;8909;1;0
54376;8909;0;1
54379;8909;0;1
40074;8909;1;0
7445;8909;1;0
40085;8909;1;0
7441;8909;1;0
71132;8909;1;1
36853;8909;1;0
7444;8909;1;0
8916;8909;1;0
85068;8909;1;0
8914;8909;1;0
7447;8909;1;0
82823;8909;0;1
8295;8909;1;0
36875;8909;1;0
59662;8910;1;1
20522;8910;0;1
8914;8910;1;1
62161;8910;0;1
8908;8910;1;1
40062;8910;1;1
8912;8910;1;1
40078;8910;0;1
40086;8910;1;1
54384;8910;0;1
40068;8910;0;1
40074;8910;1;1
73991;8910;0;1
8922;8910;0;1
12931;8910;0;1
79804;8910;1;1
8923;8910;1;1
111483;8910;0;1
12934;8910;0;1
8917;8912;1;1
40062;8912;1;1
71889;8912;1;1
8914;8912;1;1
40073;8912;0;1
62161;8912;0;1
8908;8912;1;1
8924;8912;1;1
8910;8912;1;1
40074;8912;1;1
79664;8912;1;1
12937;8912;0;1
58429;8912;1;1
40083;8912;0;1
40069;8912;0;1
12930;8912;0;1
12951;8912;1;0
40074;8913;0;1
40066;8913;0;1
40079;8913;0;1
40059;8913;0;1
60797;8913;0;1
80891;8913;0;1
8914;8913;0;1
40068;8914;1;0
68096;8914;1;0
62161;8914;0;1
8910;8914;1;1
85068;8914;1;0
12929;8914;0;1
40062;8914;1;1
7444;8914;1;0
8916;8914;1;1
40074;8914;1;1
12931;8914;1;0
8913;8914;0;1
8912;8914;1;1
8908;8914;1;1
7442;8914;1;0
40066;8914;1;1
43126;8914;1;0
40070;8914;1;0
71132;8914;1;0
9777;8914;0;1
8909;8914;1;0
40079;8914;1;0
111483;8914;0;1
60797;8914;0;1
12931;8916;1;0
7442;8916;1;0
40079;8916;1;0
8914;8916;1;1
85068;8916;1;0
40066;8916;1;1
40065;8916;1;0
8909;8916;1;0
7444;8916;1;0
40071;8916;1;0
40074;8916;1;0
71132;8916;1;0
7475;8916;0;1
40080;8916;1;0
40062;8917;1;0
40083;8917;1;1
71889;8917;0;1
73991;8917;0;1
12923;8917;1;1
40068;8917;0;1
79804;8917;1;0
8912;8917;1;1
12934;8917;0;1
8922;8917;0;1
79664;8922;1;1
71889;8922;0;1
12934;8922;1;1
54384;8922;0;1
40083;8922;1;1
70411;8922;1;1
12930;8922;1;1
40068;8922;0;1
79804;8922;1;1
8910;8922;0;1
8924;8922;1;0
62161;8922;1;1
40070;8922;0;1
73991;8922;0;1
8923;8922;1;1
12923;8922;1;1
8917;8922;0;1
40063;8922;1;0
40073;8922;1;0
68096;8922;0;1
59662;8922;0;1
40086;8922;0;1
79804;8923;0;1
40086;8923;0;1
12934;8923;1;1
20522;8923;1;1
12930;8923;1;0
8910;8923;1;1
40068;8923;0;1
8922;8923;1;1
59662;8923;0;1
54384;8923;0;1
12921;8923;0;1
79664;8924;1;1
58429;8924;1;1
2694;8924;1;0
12937;8924;0;1
71889;8924;1;1
70411;8924;1;0
8912;8924;1;1
62161;8924;1;0
12923;8924;1;0
2698;8924;0;1
12930;8924;1;0
40069;8924;0;1
8922;8924;1;0
69531;8924;0;1
40073;8924;1;1
12951;8924;1;0
40083;8924;1;0
7462;8924;1;0
40074;9777;0;1
8914;9777;0;1
12929;9777;0;1
43123;9777;0;1
43121;9777;0;1
20522;9777;0;1
72071;9922;0;1
9950;9922;0;1
91627;9922;0;1
9928;9922;0;1
9938;9922;0;1
43551;9922;1;1
77958;9922;0;1
43547;9922;0;1
43542;9922;1;0
9934;9922;0;1
95530;9922;0;1
43544;9922;0;1
43538;9922;0;1
9925;9922;0;1
85232;9922;0;1
43548;9922;1;0
9929;9923;1;1
56019;9923;0;1
9955;9924;1;0
7459;9924;0;1
36851;9924;1;0
43545;9924;1;0
7448;9924;1;0
71555;9924;0;1
80891;9924;1;0
9933;9924;1;0
7434;9924;1;0
9944;9924;1;0
36924;9925;0;1
9947;9925;0;1
9950;9925;1;1
106052;9925;0;1
9945;9925;1;1
110886;9925;0;1
36889;9925;0;1
9928;9925;0;1
85232;9925;0;1
7461;9925;1;1
9938;9925;1;1
95530;9925;0;1
9922;9925;0;1
7463;9925;0;1
43544;9925;1;1
36926;9925;0;1
43547;9925;0;1
72071;9925;0;1
43551;9925;0;1
92988;9925;0;1
9948;9925;0;1
77958;9925;0;1
43553;9925;1;0
91627;9925;0;1
71025;9927;0;1
7476;9927;1;0
12939;9927;0;1
43553;9928;1;1
77958;9928;1;1
68349;9928;1;1
85232;9928;0;1
43539;9928;1;1
9945;9928;1;0
9950;9928;1;1
43547;9928;0;1
91627;9928;0;1
9938;9928;1;1
115079;9928;1;1
9944;9928;1;0
95530;9928;0;1
43544;9928;0;1
43551;9928;0;1
7458;9928;1;1
9922;9928;0;1
81491;9928;0;1
9940;9928;0;1
7460;9928;1;0
43538;9928;0;1
72071;9928;0;1
9925;9928;0;1
9952;9928;1;0
9923;9929;1;1
36929;9930;1;0
77119;9932;0;1
43550;9932;1;1
9950;9932;1;0
9924;9933;1;0
43545;9933;1;0
7431;9933;1;1
7440;9933;0;1
7444;9933;1;1
7442;9933;1;1
60017;9933;1;1
9944;9933;1;0
36838;9933;0;1
36859;9933;0;1
36888;9933;0;1
7410;9933;0;1
36860;9933;0;1
36907;9933;1;0
36853;9933;0;1
43553;9933;0;1
73983;9933;0;1
85068;9933;0;1
43551;9933;0;1
111607;9933;0;1
43538;9934;0;1
9922;9934;0;1
43551;9934;0;1
73026;9934;1;0
43539;9934;1;1
10578;9935;1;1
78762;9935;1;0
9948;9935;1;0
85232;9936;0;1
36926;9938;0;1
106052;9938;0;1
43552;9938;1;0
91627;9938;0;1
43544;9938;1;1
9945;9938;1;1
7461;9938;1;1
9925;9938;1;1
7463;9938;1;1
9952;9938;1;0
36889;9938;0;1
9928;9938;1;1
43553;9938;1;0
9950;9938;1;1
36939;9938;1;0
43547;9938;0;1
71963;9938;1;0
9947;9938;1;1
72071;9938;1;1
77958;9938;0;1
95530;9938;0;1
9940;9938;1;0
92988;9938;0;1
9922;9938;0;1
43551;9938;1;1
7475;9938;1;0
85232;9938;0;1
110886;9938;0;1
85232;9939;1;1
95530;9940;0;1
43544;9940;1;1
9928;9940;0;1
9947;9940;1;0
43551;9940;1;0
43547;9940;0;1
9948;9940;1;0
9938;9940;1;0
7459;9942;1;1
43548;9942;0;1
7434;9942;0;1
7430;9942;0;1
54732;9942;0;1
43546;9944;1;1
43545;9944;1;0
9924;9944;1;0
9955;9944;1;0
72071;9944;1;0
9933;9944;1;0
9928;9944;1;0
7463;9945;1;1
43544;9945;1;1
9925;9945;1;1
9947;9945;1;1
9928;9945;1;0
110886;9945;0;1
7475;9945;1;0
106052;9945;0;1
36889;9945;0;1
43553;9945;1;0
9938;9945;1;1
7461;9945;1;1
92988;9945;0;1
7460;9945;1;0
9948;9945;0;1
36926;9945;0;1
36924;9945;0;1
9938;9947;1;1
43544;9947;1;1
9948;9947;1;0
9925;9947;0;1
9945;9947;1;1
106052;9947;0;1
7461;9947;1;1
7463;9947;0;1
9940;9947;1;0
43544;9948;0;1
78762;9948;1;1
9945;9948;0;1
9940;9948;1;0
9947;9948;1;0
9951;9948;1;0
106052;9948;0;1
91078;9948;0;1
9925;9948;0;1
7461;9948;0;1
9935;9948;1;0
77958;9950;1;1
95530;9950;0;1
43553;9950;1;0
72071;9950;1;1
9928;9950;1;1
43544;9950;1;1
43542;9950;1;0
85232;9950;0;1
91627;9950;0;1
43551;9950;0;1
9938;9950;1;1
43552;9950;1;0
9925;9950;1;1
43548;9950;1;0
43547;9950;0;1
9922;9950;0;1
9932;9950;1;0
9948;9951;1;0
61372;9952;1;1
9938;9952;1;0
71963;9952;1;0
9928;9952;1;0
43541;9953;1;1
85068;9955;0;1
60017;9955;1;1
36853;9955;0;1
43553;9955;0;1
43545;9955;1;0
73983;9955;0;1
7444;9955;0;1
7442;9955;0;1
9944;9955;1;0
9924;9955;1;0
7440;9955;0;1
36859;9955;0;1
43551;9955;0;1
7431;9955;0;1
70998;9956;1;1
12944;9956;0;1
7434;9957;1;0
7454;9957;1;0
98177;10578;0;1
9935;10578;1;1
12931;12921;1;1
58364;12921;1;0
8923;12921;0;1
12935;12921;0;1
79804;12921;1;0
54386;12922;0;1
12946;12922;0;1
85423;12922;1;1
2703;12922;0;1
2695;12922;1;0
12938;12923;1;1
12934;12923;1;1
40083;12923;1;1
69531;12923;1;0
82263;12923;1;1
63112;12923;1;1
70492;12923;1;1
8922;12923;1;1
60797;12923;0;1
8924;12923;1;0
79804;12923;1;1
62161;12923;1;0
54384;12923;0;1
12935;12923;0;1
2703;12923;1;0
2705;12923;1;0
54389;12923;1;0
43126;12923;0;1
40062;12923;1;0
79664;12923;1;0
78976;12923;1;1
12931;12923;0;1
12930;12923;1;1
54390;12923;0;1
54365;12923;1;0
54364;12923;0;1
40068;12923;0;1
2698;12923;1;0
12948;12923;1;0
12943;12923;1;0
12932;12923;1;0
54393;12923;0;1
2684;12923;1;0
8917;12923;1;1
73991;12923;0;1
43123;12923;0;1
54364;12924;1;1
80349;12924;0;1
12926;12924;1;0
12932;12924;1;1
22693;12924;0;1
54393;12924;1;1
12948;12924;1;1
2698;12924;0;1
12929;12924;1;1
70492;12924;1;1
71126;12924;0;1
2705;12924;0;1
12925;12924;1;1
78976;12924;0;1
12934;12924;0;1
2682;12924;1;0
69531;12924;0;1
2686;12924;1;1
2695;12924;0;1
12937;12925;1;1
7431;12925;1;1
54364;12925;1;1
12932;12925;1;1
60719;12925;1;1
22693;12925;0;1
2698;12925;0;1
8295;12925;1;0
36854;12925;1;1
12929;12925;1;1
2686;12925;1;1
69531;12925;1;1
78976;12925;1;1
73834;12925;0;1
7444;12925;1;1
71126;12925;1;1
2695;12925;0;1
43126;12925;1;0
12924;12925;1;1
54376;12925;1;0
54393;12925;0;1
12948;12925;1;1
2682;12925;1;0
82797;12925;0;1
70492;12925;0;1
54370;12925;0;1
12939;12925;1;0
43123;12925;1;0
12936;12925;1;1
80349;12925;0;1
54391;12925;1;0
54392;12925;1;0
2705;12925;0;1
54368;12925;1;1
2687;12925;1;0
8908;12925;1;0
12932;12926;1;0
12924;12926;1;0
12948;12926;1;1
12937;12926;1;0
54393;12926;1;1
54390;12926;0;1
12928;12926;0;1
54378;12926;1;0
71024;12928;1;1
12932;12928;0;1
54390;12928;0;1
54393;12928;0;1
12948;12928;0;1
12926;12928;0;1
12939;12928;0;1
71126;12929;1;1
12948;12929;1;1
12934;12929;1;1
54364;12929;1;1
12925;12929;1;1
12924;12929;1;1
78976;12929;1;0
54393;12929;1;1
12932;12929;1;0
9777;12929;0;1
8908;12929;0;1
40074;12929;0;1
12931;12929;0;1
8914;12929;0;1
70492;12929;0;1
8922;12930;1;1
12923;12930;1;1
62161;12930;1;1
54365;12930;1;0
79804;12930;1;1
12938;12930;1;0
2703;12930;1;1
7467;12930;0;1
12933;12930;1;1
71889;12930;0;1
12931;12930;0;1
69531;12930;1;1
8924;12930;1;0
2705;12930;1;1
63112;12930;1;1
2698;12930;1;0
54389;12930;1;0
2690;12930;1;0
8908;12930;0;1
40062;12930;1;0
12943;12930;1;0
8923;12930;1;0
8912;12930;0;1
12934;12930;1;0
2684;12930;1;0
40074;12930;0;1
12935;12931;1;1
8914;12931;1;0
8910;12931;0;1
58364;12931;1;0
8908;12931;1;1
7442;12931;1;0
12934;12931;1;1
54364;12931;1;1
43123;12931;0;1
79804;12931;0;1
12921;12931;1;1
12923;12931;0;1
40062;12931;0;1
78976;12931;0;1
43126;12931;1;1
12930;12931;0;1
2695;12931;0;1
40074;12931;1;0
12929;12931;0;1
54384;12931;0;1
71126;12931;0;1
2705;12931;0;1
2703;12931;0;1
8916;12931;1;0
2686;12932;1;1
12929;12932;1;0
12948;12932;1;1
80349;12932;0;1
70492;12932;1;1
12924;12932;1;1
12928;12932;0;1
12923;12932;1;0
54393;12932;1;1
69531;12932;0;1
54390;12932;0;1
12925;12932;1;1
54364;12932;1;1
2682;12932;1;0
22693;12932;0;1
12926;12932;1;0
71126;12932;0;1
78976;12932;0;1
2705;12932;0;1
2695;12932;0;1
2698;12932;0;1
58364;12932;0;1
2703;12933;1;1
12930;12933;1;1
2684;12933;0;1
20522;12933;0;1
54365;12933;0;1
73991;12933;0;1
54382;12933;0;1
2697;12933;0;1
108863;12933;0;1
2705;12933;0;1
12938;12933;1;0
69531;12933;0;1
40078;12933;1;0
12929;12934;1;1
54364;12934;1;1
8922;12934;1;1
40068;12934;0;1
8923;12934;1;1
8917;12934;0;1
73991;12934;0;1
12931;12934;1;1
71126;12934;0;1
79804;12934;0;1
54384;12934;1;1
8910;12934;0;1
12935;12934;0;1
40086;12934;0;1
78976;12934;1;0
54393;12934;1;0
12923;12934;1;1
59662;12934;0;1
12930;12934;1;0
20522;12934;0;1
63112;12934;0;1
12948;12934;1;0
40083;12934;0;1
12924;12934;0;1
79804;12935;0;1
54384;12935;0;1
69531;12935;1;0
12931;12935;1;1
12923;12935;0;1
7462;12935;0;1
12934;12935;0;1
63112;12935;0;1
58364;12935;0;1
2690;12935;0;1
12921;12935;0;1
54380;12935;1;0
36887;12936;1;1
8295;12936;1;1
57200;12936;1;1
12937;12936;1;1
54394;12936;1;0
60719;12936;1;1
54372;12936;0;1
12945;12936;1;0
12939;12936;1;1
12925;12936;1;1
36886;12936;1;0
54370;12936;1;1
54376;12936;1;0
54381;12936;1;0
54368;12936;0;1
54391;12936;1;0
2682;12936;1;0
69531;12936;1;0
73834;12936;0;1
36854;12936;1;0
12948;12936;1;0
7447;12936;1;0
54370;12937;0;1
36854;12937;1;1
7444;12937;1;1
57200;12937;0;1
12925;12937;1;1
54368;12937;1;1
54376;12937;1;0
60719;12937;1;1
69531;12937;1;0
8295;12937;0;1
7440;12937;1;1
73834;12937;1;1
12939;12937;1;1
7431;12937;1;1
36859;12937;0;1
12936;12937;1;1
54391;12937;1;0
12948;12937;1;0
40069;12937;0;1
7412;12937;1;0
82797;12937;1;1
8924;12937;0;1
12926;12937;1;0
8912;12937;0;1
2682;12937;1;0
36889;12937;1;0
12923;12938;1;1
2684;12938;1;0
79804;12938;1;0
12930;12938;1;0
62161;12938;1;0
54365;12938;1;0
12943;12938;1;0
2703;12938;1;0
54389;12938;1;1
69531;12938;1;0
2705;12938;1;0
2698;12938;1;0
12933;12938;1;0
12945;12939;1;1
54376;12939;1;0
60719;12939;1;1
71025;12939;1;1
12925;12939;1;0
12936;12939;1;1
12928;12939;0;1
54393;12939;0;1
12937;12939;1;1
69531;12939;1;0
36887;12939;1;0
9927;12939;0;1
12948;12939;1;1
54391;12939;1;0
8295;12939;1;0
2682;12939;1;0
36886;12939;1;0
54392;12939;1;0
54385;12940;1;1
54377;12940;1;0
54371;12940;1;1
12943;12941;1;1
63112;12941;0;1
54388;12941;0;1
12941;12943;1;1
12938;12943;1;0
2705;12943;1;0
63112;12943;1;0
62161;12943;1;0
54389;12943;1;0
12930;12943;1;0
12923;12943;1;0
2698;12943;1;0
54365;12943;1;0
2703;12943;1;0
69531;12943;1;0
2684;12943;1;0
9956;12944;0;1
36886;12945;1;0
12939;12945;1;1
71025;12945;1;1
12948;12945;1;0
60719;12945;0;1
80891;12945;0;1
8295;12945;1;0
54370;12945;0;1
36851;12945;0;1
7475;12945;0;1
36887;12945;1;0
12936;12945;1;0
12951;12946;1;1
54386;12946;1;1
85423;12946;0;1
12922;12946;0;1
7452;12947;1;0
36868;12947;1;0
7439;12947;1;0
2682;12948;1;0
54364;12948;1;1
2687;12948;1;0
12926;12948;1;1
12925;12948;1;1
20522;12948;0;1
40085;12948;1;0
70492;12948;1;1
12924;12948;1;1
40069;12948;1;0
43126;12948;1;0
12929;12948;1;1
8295;12948;1;0
60719;12948;1;0
78976;12948;1;1
12932;12948;1;1
12934;12948;1;0
12939;12948;1;1
40071;12948;1;0
12937;12948;1;0
57200;12948;1;0
69531;12948;1;1
12945;12948;1;0
71126;12948;0;1
54391;12948;1;0
12928;12948;0;1
54392;12948;1;0
2693;12948;1;0
12923;12948;1;0
54376;12948;1;0
54372;12948;1;0
69278;12948;1;0
12936;12948;1;0
54390;12948;0;1
54368;12948;0;1
2686;12948;0;1
54381;12948;1;0
79664;12951;1;0
2694;12951;1;0
8924;12951;1;0
12946;12951;1;1
7462;12951;1;0
8912;12951;1;0
8923;20522;1;1
12933;20522;0;1
40068;20522;0;1
59662;20522;0;1
40086;20522;0;1
54393;20522;0;1
8910;20522;0;1
54365;20522;0;1
9777;20522;0;1
12948;20522;0;1
12934;20522;0;1
69278;22692;1;1
85782;22692;1;1
2693;22692;1;0
116508;22692;0;1
2687;22692;0;1
2686;22692;1;1
2703;22692;0;1
2690;22692;1;0
2684;22692;0;1
62161;22692;1;0
12925;22693;0;1
2705;22693;1;1
69531;22693;1;1
22695;22693;0;1
2686;22693;1;1
12924;22693;0;1
2698;22693;1;1
2691;22693;0;1
7454;22693;1;0
80349;22693;0;1
12932;22693;0;1
92805;22693;0;1
2695;22693;0;1
2691;22695;1;1
108863;22695;1;0
2698;22695;0;1
2688;22695;0;1
2697;22695;1;0
22693;22695;0;1
36836;36830;1;1
36875;36830;1;0
36839;36830;0;1
7410;36830;1;1
36888;36830;1;1
36853;36830;1;1
36887;36830;1;1
36841;36830;0;1
43548;36830;0;1
36859;36830;1;1
36833;36830;1;0
36860;36830;1;1
36886;36830;1;0
7409;36830;0;1
94483;36830;0;1
66473;36830;1;0
36889;36830;1;0
7437;36830;1;0
75366;36830;1;0
36837;36830;0;1
36842;36831;1;0
44851;36832;1;0
66473;36833;1;0
36842;36833;1;0
36837;36833;1;0
36830;36833;1;0
7410;36833;1;0
7409;36833;1;0
36836;36833;1;0
36839;36833;1;0
36838;36833;1;0
7411;36834;0;1
7409;36836;1;1
36839;36836;1;1
36851;36836;0;1
7410;36836;1;1
36837;36836;1;1
36830;36836;1;1
36833;36836;1;0
81353;36836;0;1
36934;36836;0;1
36841;36836;1;1
63175;36836;0;1
80484;36836;0;1
36924;36836;0;1
36886;36836;0;1
36842;36836;1;0
36838;36836;1;1
94483;36836;0;1
80891;36836;0;1
43548;36836;0;1
36939;36836;0;1
7466;36836;0;1
94483;36837;0;1
36836;36837;1;1
7409;36837;1;1
36838;36837;1;0
7410;36837;1;1
36842;36837;1;1
71555;36837;0;1
43548;36837;0;1
36839;36837;1;1
80484;36837;1;1
85068;36837;0;1
36833;36837;1;0
36841;36837;1;0
36830;36837;0;1
36886;36837;0;1
7437;36837;0;1
94305;36837;0;1
36877;36837;0;1
7410;36838;1;1
7409;36838;1;0
36859;36838;0;1
7440;36838;0;1
36860;36838;0;1
36841;36838;1;0
36833;36838;1;0
36836;36838;1;1
36888;36838;0;1
36837;36838;1;0
36853;36838;0;1
111607;36838;0;1
36842;36838;1;0
9933;36838;0;1
36839;36838;1;0
43548;36839;0;1
36830;36839;0;1
36838;36839;1;0
36837;36839;1;1
71555;36839;0;1
7412;36839;0;1
36836;36839;1;1
7409;36839;1;0
36833;36839;1;0
36842;36839;1;0
94483;36839;0;1
36877;36839;0;1
7411;36839;1;1
7437;36839;0;1
85068;36839;0;1
94305;36839;0;1
55808;36840;1;1
7410;36840;1;1
7434;36840;1;0
36842;36840;0;1
7454;36840;1;1
66473;36840;1;0
36856;36840;1;0
36853;36840;1;1
36860;36840;1;0
7443;36840;1;1
7448;36840;1;0
36859;36840;1;0
36885;36840;1;0
7410;36841;1;1
111607;36841;0;1
7409;36841;1;1
36830;36841;0;1
36836;36841;1;1
71024;36841;0;1
36837;36841;1;0
36838;36841;1;0
36837;36842;1;1
7409;36842;1;0
36853;36842;0;1
36839;36842;1;0
36836;36842;1;0
7411;36842;0;1
36838;36842;1;0
36831;36842;1;0
36840;36842;0;1
36833;36842;1;0
43552;36851;1;0
7474;36851;0;1
36923;36851;1;1
12945;36851;0;1
43550;36851;1;0
36934;36851;0;1
36929;36851;1;0
7463;36851;1;1
36939;36851;0;1
116611;36851;0;1
36926;36851;0;1
7466;36851;1;1
63175;36851;0;1
77119;36851;1;0
7473;36851;1;0
36936;36851;1;1
7475;36851;1;1
9924;36851;1;0
36836;36851;0;1
36924;36851;1;1
7434;36851;1;0
36886;36851;0;1
81353;36851;0;1
43119;36851;1;0
36859;36853;1;1
61474;36853;1;0
7434;36853;1;0
7410;36853;1;1
7440;36853;1;1
36860;36853;1;1
36854;36853;0;1
40071;36853;1;0
36840;36853;1;1
9933;36853;0;1
36838;36853;0;1
36830;36853;1;1
54370;36853;1;0
9955;36853;0;1
7441;36853;1;1
85068;36853;0;1
36888;36853;0;1
7431;36853;0;1
7445;36853;0;1
54372;36853;1;0
7409;36853;1;1
36885;36853;1;0
7437;36853;1;0
60017;36853;0;1
7442;36853;1;1
8295;36853;1;0
40069;36853;1;0
73243;36853;1;0
7444;36853;1;1
36887;36853;1;1
8909;36853;1;0
43553;36853;0;1
111607;36853;0;1
66473;36853;1;0
7447;36853;0;1
36842;36853;0;1
73983;36853;0;1
36889;36853;0;1
7444;36854;1;1
12937;36854;1;1
7431;36854;1;1
12925;36854;1;1
85068;36854;1;1
8295;36854;1;0
36859;36854;0;1
36889;36854;1;1
82797;36854;0;1
36886;36854;1;0
7437;36854;1;1
7442;36854;1;1
40071;36854;1;0
61474;36854;1;0
7440;36854;1;0
54394;36854;1;0
36853;36854;0;1
7445;36854;0;1
73834;36854;1;0
12936;36854;1;0
7452;36854;1;0
7447;36854;0;1
36875;36855;0;1
36887;36855;1;0
61474;36855;0;1
75366;36855;0;1
36856;36855;0;1
7431;36855;0;1
7440;36855;0;1
73243;36855;0;1
7444;36855;1;0
7445;36855;0;1
66473;36855;0;1
7447;36855;0;1
36886;36855;1;1
36868;36855;0;1
73243;36856;0;1
61474;36856;1;1
7440;36856;1;1
36840;36856;1;0
7447;36856;1;1
7459;36856;1;0
36875;36856;1;1
66473;36856;0;1
36886;36856;1;1
36855;36856;0;1
55808;36856;1;0
7435;36856;1;0
7448;36856;1;0
7454;36856;1;0
7443;36856;1;0
75366;36856;0;1
7431;36856;1;1
7445;36856;0;1
36884;36856;1;0
36866;36856;1;0
36864;36856;1;0
7446;36857;0;1
7434;36857;0;1
85068;36859;0;1
36887;36859;1;1
9933;36859;0;1
36854;36859;0;1
36860;36859;1;1
60017;36859;0;1
7410;36859;1;1
36885;36859;1;0
7434;36859;1;0
36853;36859;1;1
36838;36859;0;1
43553;36859;0;1
73243;36859;1;0
7440;36859;0;1
12937;36859;0;1
36888;36859;0;1
7442;36859;0;1
7444;36859;0;1
9955;36859;0;1
54368;36859;0;1
7431;36859;0;1
73983;36859;0;1
111607;36859;0;1
36840;36859;1;0
36830;36859;1;1
36889;36859;0;1
7409;36859;1;0
36853;36860;1;1
7443;36860;1;1
36887;36860;1;1
36859;36860;1;1
36888;36860;0;1
9933;36860;0;1
7410;36860;1;1
36838;36860;0;1
111607;36860;0;1
36885;36860;1;0
7434;36860;1;0
36830;36860;1;1
7409;36860;1;0
73243;36860;1;0
36840;36860;1;0
7440;36860;0;1
7450;36862;1;1
85083;36862;1;1
7455;36862;1;1
36885;36862;1;1
7446;36862;1;1
7454;36862;1;1
7434;36862;1;1
36883;36862;1;1
36867;36862;1;1
7458;36862;1;0
7452;36863;1;1
7439;36863;1;1
7436;36863;1;1
85764;36863;0;1
7432;36863;1;1
94287;36863;0;1
7451;36863;1;0
56660;36864;1;1
55808;36864;1;1
36884;36864;1;1
7448;36864;1;1
7435;36864;1;1
36866;36864;1;1
7443;36864;1;1
116573;36864;0;1
7459;36864;1;1
7430;36864;1;0
36856;36864;1;0
63175;36864;0;1
77119;36864;0;1
7452;36865;0;1
36868;36865;0;1
71555;36865;0;1
36864;36866;1;1
7443;36866;1;1
36884;36866;1;1
55808;36866;1;1
56660;36866;1;1
36856;36866;1;0
7448;36866;1;1
7435;36866;1;1
7430;36866;1;0
7459;36866;1;1
36883;36867;0;1
7454;36867;1;1
36885;36867;0;1
36862;36867;1;1
7434;36867;0;1
7450;36867;0;1
7452;36868;1;1
36886;36868;0;1
7439;36868;1;0
71555;36868;1;1
74204;36868;1;0
7437;36868;0;1
7436;36868;1;1
85764;36868;0;1
54753;36868;0;1
7451;36868;1;1
85068;36868;0;1
36855;36868;0;1
36877;36868;1;1
36865;36868;0;1
54370;36868;0;1
12947;36868;1;0
73243;36868;0;1
36873;36870;1;0
7439;36872;1;1
36892;36872;1;0
36873;36872;1;0
36876;36872;1;0
7452;36872;0;1
78538;36872;1;0
7453;36872;0;1
7476;36873;1;1
81353;36873;1;0
7449;36873;1;0
77714;36873;0;1
36879;36873;1;0
78538;36873;1;0
36872;36873;1;0
36870;36873;1;0
73243;36875;0;1
36876;36875;1;1
7431;36875;1;1
36855;36875;0;1
36856;36875;1;1
36830;36875;1;0
61474;36875;1;1
7440;36875;1;1
36936;36875;1;1
36889;36875;1;1
7439;36875;1;0
40065;36875;1;0
7444;36875;1;0
66473;36875;0;1
7437;36875;1;1
7441;36875;1;0
36886;36875;1;1
40072;36875;1;0
7475;36875;1;0
36888;36875;1;1
8909;36875;1;0
40064;36875;1;0
36887;36875;1;0
75366;36875;0;1
7463;36875;1;0
7410;36875;0;1
54392;36875;1;0
7445;36876;1;1
7439;36876;1;0
36875;36876;1;1
36889;36876;1;1
7447;36876;1;1
54392;36876;1;0
36872;36876;1;0
36888;36876;1;0
7452;36877;1;1
7437;36877;0;1
7436;36877;1;1
36868;36877;1;1
85764;36877;1;0
7439;36877;1;1
74204;36877;1;0
71555;36877;0;1
7451;36877;1;1
54753;36877;0;1
36839;36877;0;1
36837;36877;0;1
94305;36877;0;1
85068;36877;0;1
77714;36879;1;1
7476;36879;1;1
36873;36879;1;0
36892;36879;1;1
78538;36879;1;0
7453;36879;0;1
7450;36883;1;1
36862;36883;1;1
36885;36883;1;1
7434;36883;1;1
7454;36883;1;1
7446;36883;1;1
7455;36883;1;0
36867;36883;0;1
7458;36883;1;0
7448;36884;1;1
55808;36884;1;1
36866;36884;1;1
56660;36884;1;1
7459;36884;1;0
7435;36884;1;1
36864;36884;1;1
7430;36884;1;0
7443;36884;1;1
54732;36884;1;0
36856;36884;1;0
116573;36884;0;1
7458;36885;1;0
7450;36885;1;1
36860;36885;1;0
36862;36885;1;1
7410;36885;1;0
7454;36885;1;0
36883;36885;1;1
36859;36885;1;0
7455;36885;1;1
7440;36885;1;0
7446;36885;0;1
7434;36885;1;1
85083;36885;1;1
36840;36885;1;0
61474;36885;1;0
36853;36885;1;0
7442;36885;1;0
36867;36885;0;1
7444;36886;1;0
7431;36886;1;1
75366;36886;0;1
7440;36886;1;1
36856;36886;1;1
61474;36886;1;1
81353;36886;0;1
36854;36886;1;0
7447;36886;1;1
36868;36886;0;1
36836;36886;0;1
73243;36886;1;1
7445;36886;0;1
36875;36886;1;1
36830;36886;1;0
36934;36886;0;1
36855;36886;1;1
12939;36886;1;0
36851;36886;0;1
12936;36886;1;0
63175;36886;0;1
36837;36886;0;1
57200;36886;0;1
36887;36886;1;0
36924;36886;0;1
8295;36886;1;0
66473;36886;1;1
7466;36886;0;1
36939;36886;0;1
80891;36886;0;1
12945;36886;1;0
12936;36887;1;1
36875;36887;1;0
7410;36887;1;1
8295;36887;1;0
36860;36887;1;1
36886;36887;1;0
36853;36887;1;1
75366;36887;1;0
36830;36887;1;1
12945;36887;1;0
66473;36887;1;0
7441;36887;1;0
36859;36887;1;1
36889;36887;1;0
36888;36887;1;1
57200;36887;0;1
7443;36887;1;1
7444;36887;1;0
36855;36887;1;0
12939;36887;1;0
60719;36887;0;1
36830;36888;1;1
75366;36888;1;0
36889;36888;1;1
7410;36888;0;1
54392;36888;1;0
7447;36888;0;1
36875;36888;1;1
36859;36888;0;1
36887;36888;1;1
7441;36888;1;0
36853;36888;0;1
7440;36888;0;1
36860;36888;0;1
7445;36888;1;0
9933;36888;0;1
36838;36888;0;1
111607;36888;0;1
36876;36888;1;0
94305;36889;0;1
7439;36889;1;0
7431;36889;1;1
7447;36889;1;1
9945;36889;0;1
7445;36889;1;1
36888;36889;1;1
36875;36889;1;1
36876;36889;1;1
7461;36889;0;1
36936;36889;1;1
7437;36889;1;1
36859;36889;0;1
110886;36889;0;1
85490;36889;0;1
9925;36889;0;1
36854;36889;1;1
36830;36889;1;0
106052;36889;0;1
92988;36889;0;1
81491;36889;1;0
36887;36889;1;0
36926;36889;0;1
85068;36889;1;0
7463;36889;0;1
12937;36889;1;0
36853;36889;0;1
43544;36889;0;1
82797;36889;0;1
7442;36889;1;1
9938;36889;0;1
54392;36889;1;0
36879;36892;1;1
7449;36892;1;0
7453;36892;0;1
7451;36892;1;0
77714;36892;0;1
78538;36892;1;0
36872;36892;1;0
9933;36907;1;0
36938;36918;1;1
7470;36918;1;1
80891;36918;0;1
65585;36918;1;1
43119;36918;0;1
43124;36918;0;1
43120;36919;1;1
36928;36919;0;1
36921;36919;1;1
36933;36919;1;1
7447;36919;0;1
43122;36919;1;1
76361;36919;0;1
57256;36919;1;1
36920;36919;1;0
40080;36919;1;0
36933;36920;1;0
36919;36920;1;0
43120;36920;1;0
36919;36921;1;1
36928;36921;0;1
76361;36921;0;1
43120;36921;1;1
43122;36921;1;1
57256;36921;1;1
36926;36923;0;1
7468;36923;1;0
80891;36923;1;1
36851;36923;1;1
7463;36923;1;1
43550;36923;1;1
36929;36923;1;1
43552;36923;1;0
7474;36923;0;1
36936;36923;0;1
81491;36923;1;0
61098;36923;0;1
7463;36924;1;1
61098;36924;1;1
7474;36924;1;1
36934;36924;0;1
80891;36924;1;1
63175;36924;0;1
43119;36924;1;0
36929;36924;1;1
36926;36924;0;1
36886;36924;0;1
43544;36924;0;1
36939;36924;0;1
36851;36924;1;1
116611;36924;0;1
7473;36924;1;0
7475;36924;1;0
7461;36924;0;1
36936;36924;1;0
7466;36924;1;1
81353;36924;0;1
9925;36924;0;1
9945;36924;0;1
36836;36924;0;1
106052;36924;0;1
7452;36925;0;1
7463;36925;0;1
7469;36925;1;0
81491;36925;0;1
110886;36926;0;1
7463;36926;1;1
7474;36926;0;1
36889;36926;0;1
43544;36926;0;1
7461;36926;0;1
9925;36926;0;1
36851;36926;0;1
36923;36926;0;1
36924;36926;0;1
9938;36926;0;1
80891;36926;0;1
92988;36926;0;1
7469;36926;1;0
106052;36926;0;1
9945;36926;0;1
116611;36926;0;1
7470;36927;0;1
65585;36927;0;1
36919;36928;0;1
36933;36928;0;1
36921;36928;0;1
43120;36928;0;1
36930;36928;0;1
54379;36928;0;1
80891;36929;1;0
36923;36929;1;1
116611;36929;0;1
7475;36929;1;1
7469;36929;1;0
7473;36929;1;1
43550;36929;0;1
36936;36929;1;0
9930;36929;1;0
36851;36929;1;0
36924;36929;1;1
7463;36929;1;0
43546;36929;1;0
43119;36929;1;0
7466;36929;1;0
61098;36929;1;0
7471;36929;1;0
7474;36929;1;1
36928;36930;0;1
36919;36933;1;1
43120;36933;1;1
36920;36933;1;0
36928;36933;0;1
7458;36934;0;1
36939;36934;1;1
36924;36934;0;1
80891;36934;0;1
36836;36934;0;1
36851;36934;0;1
81353;36934;0;1
7466;36934;0;1
36886;36934;0;1
63175;36934;0;1
114782;36934;0;1
54392;36936;0;1
7475;36936;1;1
36889;36936;1;1
7437;36936;1;0
7473;36936;1;0
80891;36936;1;1
7447;36936;1;1
36851;36936;1;1
7431;36936;1;1
72190;36936;0;1
36875;36936;1;1
68349;36936;0;1
7463;36936;1;1
54377;36936;0;1
54379;36936;0;1
7445;36936;1;1
36923;36936;0;1
54372;36936;0;1
43119;36936;1;0
7466;36936;1;0
73243;36936;0;1
36929;36936;1;0
36924;36936;1;0
7470;36938;1;1
65585;36938;1;1
36918;36938;1;1
80891;36938;0;1
43124;36938;0;1
43119;36938;0;1
36836;36939;0;1
36934;36939;1;1
80891;36939;0;1
81353;36939;0;1
9938;36939;1;0
63175;36939;0;1
36924;36939;0;1
7466;36939;0;1
36886;36939;0;1
36851;36939;0;1
43551;36939;1;0
8913;40059;0;1
40080;40059;1;0
40081;40060;1;0
8912;40062;1;1
62161;40062;0;1
8914;40062;1;1
12923;40062;1;0
8910;40062;1;1
40074;40062;1;1
8908;40062;1;1
8917;40062;1;0
40078;40062;0;1
111483;40062;0;1
73991;40062;0;1
12931;40062;0;1
12930;40062;1;0
8922;40063;1;0
79664;40063;1;1
40073;40063;0;1
40072;40064;1;1
40080;40064;1;1
54372;40064;1;1
40071;40064;1;1
82823;40064;1;1
40065;40064;1;1
8909;40064;1;1
7445;40064;1;0
40066;40064;1;1
36875;40064;1;0
57200;40064;0;1
54376;40064;1;1
7447;40064;1;1
54379;40064;1;1
54392;40064;1;0
40069;40064;1;1
40080;40065;1;1
40064;40065;1;1
40072;40065;1;1
8909;40065;1;1
54372;40065;0;1
40066;40065;1;1
40071;40065;1;1
7447;40065;1;0
36875;40065;1;0
40069;40065;1;1
7445;40065;1;0
40085;40065;1;0
54379;40065;0;1
54376;40065;0;1
71132;40065;0;1
82823;40065;0;1
8916;40065;1;0
40068;40065;1;0
71132;40066;1;1
40074;40066;1;1
8916;40066;1;1
8909;40066;1;1
40065;40066;1;1
40071;40066;1;0
85068;40066;1;1
7442;40066;1;0
54372;40066;1;0
40064;40066;1;1
40069;40066;1;0
54376;40066;1;0
40080;40066;1;0
7444;40066;1;1
40072;40066;0;1
8913;40066;0;1
8914;40066;1;1
60797;40066;0;1
40085;40066;1;0
84786;40067;0;1
40073;40067;0;1
81356;40067;0;1
55441;40067;0;1
20522;40068;0;1
8914;40068;1;0
8910;40068;0;1
59662;40068;0;1
61131;40068;0;1
12934;40068;0;1
40070;40068;1;1
40065;40068;1;0
8922;40068;0;1
73991;40068;0;1
40082;40068;1;1
68096;40068;1;1
8917;40068;0;1
40074;40068;1;0
8923;40068;0;1
40083;40068;0;1
40086;40068;0;1
70411;40068;0;1
12923;40068;0;1
40081;40068;1;0
40071;40068;1;0
8909;40068;1;0
54372;40069;1;1
40085;40069;1;1
8295;40069;1;0
82823;40069;1;1
36853;40069;1;0
7444;40069;1;0
54391;40069;1;1
40066;40069;1;0
40065;40069;1;1
40071;40069;1;1
54376;40069;1;0
54379;40069;0;1
40072;40069;1;1
8909;40069;1;1
40064;40069;1;1
66473;40069;1;0
12948;40069;1;0
7441;40069;1;0
79664;40069;1;0
61474;40069;1;0
8912;40069;0;1
7442;40069;1;0
54370;40069;1;0
8924;40069;0;1
12937;40069;0;1
68096;40070;1;1
8914;40070;1;0
43121;40070;1;0
40074;40070;1;0
40068;40070;1;1
40082;40070;1;1
40086;40070;0;1
8922;40070;0;1
61131;40070;0;1
59662;40070;0;1
54372;40071;1;1
8909;40071;1;1
40066;40071;1;0
61474;40071;1;0
40072;40071;1;1
40085;40071;1;1
40064;40071;1;1
54376;40071;1;0
54391;40071;1;1
40069;40071;1;1
82823;40071;1;1
8295;40071;1;0
8916;40071;1;0
7442;40071;1;0
36853;40071;1;0
40080;40071;1;0
40065;40071;1;1
54370;40071;1;0
12948;40071;1;0
79664;40071;1;0
66473;40071;1;0
54379;40071;0;1
7437;40071;1;0
7444;40071;1;0
7441;40071;1;0
40068;40071;1;0
85068;40071;1;0
36854;40071;1;0
36875;40072;1;0
82823;40072;1;1
40069;40072;1;1
40064;40072;1;1
8909;40072;1;1
40071;40072;1;1
40065;40072;1;1
54372;40072;1;1
57200;40072;0;1
54379;40072;1;1
7447;40072;1;0
40066;40072;0;1
7445;40072;1;0
7454;40072;1;0
54392;40072;1;0
54376;40072;0;1
8924;40073;1;1
40063;40073;0;1
55441;40073;0;1
70411;40073;1;0
40084;40073;0;1
79664;40073;1;1
40083;40073;1;0
84786;40073;0;1
81356;40073;0;1
40067;40073;0;1
8922;40073;1;0
7462;40073;0;1
8912;40073;0;1
12931;40074;1;0
40062;40074;1;1
8912;40074;1;1
8914;40074;1;1
40079;40074;1;1
60797;40074;0;1
40068;40074;1;0
8908;40074;1;1
43126;40074;1;0
8916;40074;1;0
12930;40074;0;1
62161;40074;0;1
8913;40074;0;1
7444;40074;1;0
68096;40074;1;0
7442;40074;1;0
8910;40074;1;1
12929;40074;0;1
71132;40074;1;0
40070;40074;1;0
9777;40074;0;1
40066;40074;1;1
8909;40074;1;0
71889;40074;0;1
12933;40078;1;0
2703;40078;1;0
73991;40078;0;1
40062;40078;0;1
8910;40078;0;1
40074;40079;1;1
40080;40079;0;1
8916;40079;1;0
8914;40079;1;0
8913;40079;0;1
8916;40080;1;0
40082;40080;0;1
40065;40080;1;1
40071;40080;1;0
40064;40080;1;1
8909;40080;1;1
40079;40080;0;1
40066;40080;1;0
40059;40080;1;0
36919;40080;1;0
40060;40081;1;0
40068;40081;1;0
40070;40082;1;1
40068;40082;1;1
68096;40082;0;1
40080;40082;0;1
8922;40083;1;1
70411;40083;1;1
40068;40083;0;1
8917;40083;1;1
12934;40083;0;1
8912;40083;0;1
62161;40083;1;0
71889;40083;0;1
79664;40083;1;1
12923;40083;1;1
8924;40083;1;0
73991;40083;0;1
40073;40083;1;0
84786;40084;0;1
81356;40084;0;1
40073;40084;0;1
55441;40084;0;1
54372;40085;1;1
8909;40085;1;0
40071;40085;1;1
54391;40085;1;1
40065;40085;1;0
40069;40085;1;1
12948;40085;1;0
8295;40085;1;0
40066;40085;1;0
59662;40086;1;1
8923;40086;0;1
40068;40086;0;1
20522;40086;0;1
8910;40086;1;1
8922;40086;0;1
12934;40086;0;1
40070;40086;0;1
8908;40086;1;0
115654;43119;0;1
80891;43119;1;1
36936;43119;1;0
7475;43119;1;0
43124;43119;0;1
7418;43119;0;1
81353;43119;1;1
36918;43119;0;1
7466;43119;1;0
65585;43119;1;1
36851;43119;1;0
7470;43119;1;1
7463;43119;1;0
7473;43119;1;0
36924;43119;1;0
36929;43119;1;0
36938;43119;0;1
36919;43120;1;1
36933;43120;1;1
57256;43120;1;1
78463;43120;0;1
43122;43120;1;1
36920;43120;1;0
36921;43120;1;1
76361;43120;0;1
36928;43120;0;1
43121;43120;0;1
43123;43121;0;1
9777;43121;0;1
57256;43121;0;1
43120;43121;0;1
43122;43121;0;1
40070;43121;1;0
76361;43121;0;1
57256;43122;1;1
43120;43122;1;1
36919;43122;1;1
43124;43122;1;0
78463;43122;0;1
76361;43122;0;1
43121;43122;0;1
36921;43122;1;1
43121;43123;0;1
43126;43123;1;1
54384;43123;0;1
12923;43123;0;1
12931;43123;0;1
12925;43123;1;0
9777;43123;0;1
8908;43123;1;0
71126;43123;1;0
80891;43124;0;1
43122;43124;1;0
65585;43124;0;1
43119;43124;0;1
36918;43124;0;1
36938;43124;0;1
7470;43124;0;1
8908;43126;1;1
71126;43126;1;0
8914;43126;1;0
12925;43126;1;0
12931;43126;1;1
43123;43126;1;1
54384;43126;0;1
40074;43126;1;0
12923;43126;0;1
12948;43126;1;0
9922;43538;0;1
9928;43538;0;1
77958;43538;0;1
110284;43538;0;1
99989;43538;0;1
91627;43538;0;1
9934;43538;0;1
98336;43538;0;1
85232;43538;0;1
43539;43538;0;1
99162;43538;0;1
43551;43538;0;1
110480;43539;0;1
43551;43539;1;1
91627;43539;0;1
9934;43539;1;1
43540;43539;0;1
43538;43539;0;1
9928;43539;1;1
43547;43539;0;1
43539;43540;0;1
43551;43540;0;1
9953;43541;1;1
43552;43541;1;0
43548;43542;1;1
72071;43542;1;0
7458;43542;0;1
9922;43542;1;0
9950;43542;1;0
7461;43544;1;1
36926;43544;0;1
9938;43544;1;1
9945;43544;1;1
9947;43544;1;1
9928;43544;0;1
9925;43544;1;1
9940;43544;1;1
95530;43544;0;1
72071;43544;0;1
9948;43544;0;1
9950;43544;1;1
91627;43544;0;1
92988;43544;0;1
7463;43544;1;1
106052;43544;0;1
36889;43544;0;1
7475;43544;1;0
77958;43544;0;1
43551;43544;1;1
110886;43544;0;1
43547;43544;0;1
36924;43544;0;1
85232;43544;0;1
9922;43544;0;1
9933;43545;1;0
9955;43545;1;0
9924;43545;1;0
9944;43545;1;0
7474;43546;0;1
36929;43546;1;0
9944;43546;1;1
7463;43546;1;0
116611;43546;0;1
7469;43546;1;0
77958;43547;0;1
9925;43547;0;1
110480;43547;0;1
9938;43547;0;1
43544;43547;0;1
72071;43547;0;1
9950;43547;0;1
85232;43547;0;1
9922;43547;0;1
9928;43547;0;1
95530;43547;0;1
91627;43547;0;1
43551;43547;0;1
9940;43547;0;1
43539;43547;0;1
9942;43548;0;1
72071;43548;1;0
7458;43548;0;1
36839;43548;0;1
43542;43548;1;1
36836;43548;0;1
36830;43548;0;1
9950;43548;1;0
9922;43548;1;0
94483;43548;0;1
36837;43548;0;1
43552;43550;1;0
36923;43550;1;1
9932;43550;1;1
80891;43550;1;0
7474;43550;0;1
36929;43550;0;1
36851;43550;1;0
9928;43551;0;1
43544;43551;1;1
9922;43551;1;1
95530;43551;0;1
9940;43551;1;0
43538;43551;0;1
115079;43551;0;1
60017;43551;0;1
43540;43551;0;1
72071;43551;0;1
9933;43551;0;1
9950;43551;0;1
43539;43551;1;1
36939;43551;1;0
9938;43551;1;1
91627;43551;0;1
43547;43551;0;1
85232;43551;0;1
77958;43551;0;1
9934;43551;0;1
9955;43551;0;1
9925;43551;0;1
9950;43552;1;0
80891;43552;1;0
43550;43552;1;0
43541;43552;1;0
77119;43552;0;1
36851;43552;1;0
9938;43552;1;0
36923;43552;1;0
77958;43552;1;0
9945;43553;1;0
9938;43553;1;0
9928;43553;1;1
9950;43553;1;0
9955;43553;0;1
9925;43553;1;0
9933;43553;0;1
7442;43553;0;1
36853;43553;0;1
7440;43553;0;1
7444;43553;0;1
7460;43553;1;0
85068;43553;0;1
36859;43553;0;1
77958;43553;1;0
7431;43553;0;1
60017;43553;0;1
73983;43553;0;1
36832;44851;1;0
12925;54364;1;1
12929;54364;1;1
12948;54364;1;1
78976;54364;1;1
12934;54364;1;1
71126;54364;1;1
12924;54364;1;1
12932;54364;1;1
54393;54364;1;1
12931;54364;1;1
54390;54364;0;1
12923;54364;0;1
54384;54364;0;1
12930;54365;1;0
2703;54365;1;0
2684;54365;1;1
2705;54365;1;0
54389;54365;1;0
12933;54365;0;1
2698;54365;1;0
63112;54365;1;0
82263;54365;1;0
62161;54365;1;0
69531;54365;1;1
12923;54365;1;0
12938;54365;1;0
20522;54365;0;1
12943;54365;1;0
54389;54367;1;1
54388;54367;0;1
54387;54367;1;1
12936;54368;0;1
111607;54368;0;1
12937;54368;1;1
12925;54368;1;1
54379;54368;0;1
8295;54368;0;1
60719;54368;0;1
7444;54368;1;0
12948;54368;0;1
73834;54368;0;1
7431;54368;1;1
36859;54368;0;1
7440;54368;1;0
60719;54370;1;1
12936;54370;1;1
61474;54370;1;0
40071;54370;1;0
66473;54370;1;0
40069;54370;1;0
7441;54370;1;0
8295;54370;1;0
7444;54370;1;0
12925;54370;0;1
12937;54370;0;1
54372;54370;1;0
57200;54370;0;1
8909;54370;1;0
12945;54370;0;1
71025;54370;0;1
7442;54370;1;0
36868;54370;0;1
36853;54370;1;0
12940;54371;1;1
54385;54371;1;1
54377;54371;1;0
40066;54372;1;0
40069;54372;1;1
40071;54372;1;1
40085;54372;1;1
82823;54372;1;1
8295;54372;1;1
54391;54372;1;1
54376;54372;1;1
40072;54372;1;1
40064;54372;1;1
8909;54372;1;1
54379;54372;1;1
54377;54372;0;1
12936;54372;0;1
7441;54372;1;0
40065;54372;0;1
54392;54372;1;1
54370;54372;1;0
12948;54372;1;0
36936;54372;0;1
66473;54372;1;0
7444;54372;1;0
7442;54372;1;0
36853;54372;1;0
85068;54372;0;1
57200;54372;0;1
72190;54372;0;1
61474;54372;1;0
60719;54376;1;0
40064;54376;1;1
8909;54376;0;1
12948;54376;1;0
2682;54376;1;0
54372;54376;1;1
40069;54376;1;0
40066;54376;1;0
12925;54376;1;0
69531;54376;1;0
54379;54376;1;1
40071;54376;1;0
54391;54376;1;0
54392;54376;1;0
40065;54376;0;1
12936;54376;1;0
40072;54376;0;1
12939;54376;1;0
8295;54376;1;0
12937;54376;1;0
85068;54376;0;1
54371;54377;1;0
57200;54377;1;1
54379;54377;0;1
72190;54377;1;1
12940;54377;1;0
54372;54377;0;1
54392;54377;0;1
36936;54377;0;1
12926;54378;1;0
54372;54379;1;1
36936;54379;0;1
82823;54379;0;1
36928;54379;0;1
40065;54379;0;1
54376;54379;1;1
54377;54379;0;1
8909;54379;0;1
40069;54379;0;1
40071;54379;0;1
40064;54379;1;1
40072;54379;1;1
72190;54379;0;1
73834;54379;0;1
85068;54379;0;1
54392;54379;0;1
54368;54379;0;1
7442;54379;0;1
12935;54380;1;0
57200;54381;1;0
78976;54381;1;0
69278;54381;1;0
12936;54381;1;0
2687;54381;1;0
12948;54381;1;0
2693;54381;1;0
12933;54382;0;1
12935;54384;0;1
8922;54384;0;1
12934;54384;1;1
82263;54384;0;1
78976;54384;0;1
79804;54384;0;1
12923;54384;0;1
43123;54384;0;1
54364;54384;0;1
43126;54384;0;1
12931;54384;0;1
2690;54384;0;1
8923;54384;0;1
8910;54384;0;1
12940;54385;1;1
54371;54385;1;1
12946;54386;1;1
85423;54386;0;1
12922;54386;0;1
54367;54387;1;1
54389;54387;1;1
78542;54388;1;1
2694;54388;1;0
7462;54388;1;0
54367;54388;0;1
12941;54388;0;1
12938;54389;1;1
2698;54389;1;0
63112;54389;1;1
54367;54389;1;1
62161;54389;1;0
54387;54389;1;1
12930;54389;1;0
2684;54389;1;0
85423;54389;1;0
12923;54389;1;0
12943;54389;1;0
2705;54389;1;0
69531;54389;1;0
2703;54389;1;0
54365;54389;1;0
54393;54390;1;1
78976;54390;0;1
12926;54390;0;1
12928;54390;0;1
12923;54390;0;1
12932;54390;0;1
12948;54390;0;1
54364;54390;0;1
60719;54391;1;0
82823;54391;1;1
40069;54391;1;1
40085;54391;1;1
12937;54391;1;0
40071;54391;1;1
12925;54391;1;0
54376;54391;1;0
54392;54391;1;0
54372;54391;1;1
12936;54391;1;0
12948;54391;1;0
8295;54391;1;0
12939;54391;1;0
2682;54391;1;0
69531;54391;1;0
7439;54392;1;0
54377;54392;0;1
54376;54392;1;0
54391;54392;1;0
7445;54392;1;1
72190;54392;0;1
36936;54392;0;1
54379;54392;0;1
54372;54392;1;1
36876;54392;1;0
8295;54392;1;0
69531;54392;1;0
36889;54392;1;0
40072;54392;1;0
2682;54392;1;0
12939;54392;1;0
7447;54392;1;1
40064;54392;1;0
12925;54392;1;0
36888;54392;1;0
36875;54392;1;0
12948;54392;1;0
66473;54392;1;0
12924;54393;1;1
70492;54393;1;1
12939;54393;0;1
12932;54393;1;1
2684;54393;1;1
2686;54393;0;1
12926;54393;1;1
12929;54393;1;1
54364;54393;1;1
12934;54393;1;0
12928;54393;0;1
69531;54393;0;1
54390;54393;1;1
12923;54393;0;1
12925;54393;0;1
20522;54393;0;1
78976;54393;1;0
12936;54394;1;0
57200;54394;1;0
36854;54394;1;0
7453;54394;1;0
8295;54394;1;0
36884;54732;1;0
7448;54732;1;1
7459;54732;1;1
55808;54732;1;0
7430;54732;0;1
9942;54732;0;1
7435;54732;1;0
36868;54753;0;1
7436;54753;1;1
74204;54753;1;1
7432;54753;1;0
71555;54753;0;1
36877;54753;0;1
85764;54753;0;1
7452;54753;0;1
40084;55441;0;1
81356;55441;0;1
40073;55441;0;1
40067;55441;0;1
7459;55808;1;1
7454;55808;1;1
7448;55808;1;1
36884;55808;1;1
56660;55808;1;1
7435;55808;1;0
7443;55808;1;1
7430;55808;1;0
36864;55808;1;1
36866;55808;1;1
36856;55808;1;0
36840;55808;1;1
54732;55808;1;0
85232;56019;0;1
91627;56019;0;1
106593;56019;0;1
91078;56019;0;1
9923;56019;0;1
36864;56660;1;1
7435;56660;1;1
36866;56660;1;1
7448;56660;1;1
7443;56660;1;1
7430;56660;1;0
36884;56660;1;1
55808;56660;1;1
116573;56660;0;1
54377;57200;1;1
7447;57200;0;1
69278;57200;1;0
66473;57200;1;0
40072;57200;0;1
12936;57200;1;1
78976;57200;1;0
72190;57200;1;1
54381;57200;1;0
36886;57200;0;1
8295;57200;0;1
54372;57200;0;1
73243;57200;0;1
7445;57200;0;1
2693;57200;1;0
54394;57200;1;0
12937;57200;0;1
2687;57200;1;0
40064;57200;0;1
54370;57200;0;1
60719;57200;0;1
12948;57200;1;0
36887;57200;0;1
43122;57256;1;1
43120;57256;1;1
36921;57256;1;1
78463;57256;0;1
36919;57256;1;1
76361;57256;0;1
43121;57256;0;1
12931;58364;1;0
2698;58364;1;1
12932;58364;0;1
12921;58364;1;0
2705;58364;0;1
79804;58364;0;1
12935;58364;0;1
2686;58364;0;1
71889;58429;1;0
8924;58429;1;1
8912;58429;1;1
79664;58429;0;1
40086;59662;1;1
8910;59662;1;1
40068;59662;0;1
20522;59662;0;1
8923;59662;0;1
12934;59662;0;1
40070;59662;0;1
8922;59662;0;1
8908;59662;1;0
7444;60017;1;1
9955;60017;1;1
9933;60017;1;1
7442;60017;1;1
43551;60017;0;1
73983;60017;0;1
85068;60017;0;1
7431;60017;1;1
36859;60017;0;1
43553;60017;0;1
36853;60017;0;1
7440;60017;0;1
2682;60719;1;0
12945;60719;0;1
36887;60719;0;1
12937;60719;1;1
54370;60719;1;1
54368;60719;0;1
54391;60719;1;0
12948;60719;1;0
12936;60719;1;1
7440;60719;1;0
12925;60719;1;1
12939;60719;1;1
69531;60719;1;0
57200;60719;0;1
54376;60719;1;0
73834;60719;0;1
2686;60719;0;1
71025;60719;0;1
69531;60797;1;0
40074;60797;0;1
8908;60797;1;0
80349;60797;1;0
2687;60797;0;1
8914;60797;0;1
8913;60797;0;1
40066;60797;0;1
12923;60797;0;1
7471;61098;1;1
36924;61098;1;1
36923;61098;0;1
36929;61098;1;0
80891;61098;0;1
40068;61131;0;1
40070;61131;0;1
9952;61372;1;1
7447;61474;1;1
7440;61474;1;1
36885;61474;1;0
8295;61474;1;0
7445;61474;0;1
36853;61474;1;0
36854;61474;1;0
54370;61474;1;0
54372;61474;1;0
36886;61474;1;1
73243;61474;0;1
36856;61474;1;1
7441;61474;1;0
7442;61474;1;0
8909;61474;1;0
36875;61474;1;1
7444;61474;1;0
66473;61474;1;1
7431;61474;1;1
40069;61474;1;0
36855;61474;0;1
75366;61474;0;1
40071;61474;1;0
63112;62161;1;0
8922;62161;1;1
12930;62161;1;1
2703;62161;1;0
8908;62161;0;1
12923;62161;1;0
79804;62161;1;0
2684;62161;1;0
12943;62161;1;0
8924;62161;1;0
2690;62161;1;0
8914;62161;0;1
8910;62161;0;1
22692;62161;1;0
40062;62161;0;1
69531;62161;1;0
79664;62161;1;0
54365;62161;1;0
12938;62161;1;0
111483;62161;0;1
71889;62161;0;1
2698;62161;1;0
40074;62161;0;1
8912;62161;0;1
54389;62161;1;0
40083;62161;1;0
2705;62161;1;0
7418;63089;1;1
12934;63112;0;1
12930;63112;1;1
2703;63112;1;1
2684;63112;1;0
2698;63112;1;0
69531;63112;1;0
54389;63112;1;1
2705;63112;1;1
12923;63112;1;1
79804;63112;0;1
7467;63112;0;1
12943;63112;1;0
54365;63112;1;0
12941;63112;0;1
82263;63112;0;1
62161;63112;1;0
12935;63112;0;1
7466;63175;0;1
81353;63175;0;1
36939;63175;0;1
36934;63175;0;1
80891;63175;0;1
36886;63175;0;1
36836;63175;0;1
36851;63175;0;1
36924;63175;0;1
36864;63175;0;1
36918;65585;1;1
43119;65585;1;1
36938;65585;1;1
80891;65585;0;1
7475;65585;0;1
43124;65585;0;1
36927;65585;0;1
36886;66473;1;1
36853;66473;1;0
36856;66473;0;1
36840;66473;1;0
8295;66473;1;0
61474;66473;1;1
57200;66473;1;0
36855;66473;0;1
54372;66473;1;0
111607;66473;0;1
36830;66473;1;0
36887;66473;1;0
7444;66473;1;0
73243;66473;1;1
7442;66473;1;0
7431;66473;0;1
36833;66473;1;0
40069;66473;1;0
7441;66473;1;0
7410;66473;1;0
36875;66473;0;1
7447;66473;0;1
40071;66473;1;0
7445;66473;0;1
54392;66473;1;0
7440;66473;0;1
75366;66473;1;1
8909;66473;1;0
54370;66473;1;0
85782;67061;0;1
40070;68096;1;1
40068;68096;1;1
8922;68096;0;1
40082;68096;0;1
8914;68096;1;0
40074;68096;1;0
80891;68349;1;1
7463;68349;0;1
7458;68349;1;1
36936;68349;0;1
9928;68349;1;1
81491;68349;1;1
57200;69278;1;0
2693;69278;1;0
2686;69278;0;1
22692;69278;1;1
78976;69278;1;0
2684;69278;1;0
2687;69278;1;1
54381;69278;1;0
116508;69278;0;1
12948;69278;1;0
12938;69531;1;0
2698;69531;1;1
2686;69531;1;1
2682;69531;1;0
80349;69531;1;1
2695;69531;0;1
12948;69531;1;1
12939;69531;1;0
2705;69531;1;1
12923;69531;1;0
12935;69531;1;0
70492;69531;0;1
54376;69531;1;0
12943;69531;1;0
60719;69531;1;0
54389;69531;1;0
54391;69531;1;0
2684;69531;1;0
12930;69531;1;1
12933;69531;0;1
7444;69531;1;0
8924;69531;0;1
54392;69531;1;0
7442;69531;1;0
12924;69531;0;1
22693;69531;1;1
12925;69531;1;1
85068;69531;1;0
12932;69531;0;1
62161;69531;1;0
8295;69531;1;0
12936;69531;1;0
12937;69531;1;0
60797;69531;1;0
54365;69531;1;1
63112;69531;1;0
54393;69531;0;1
82797;69531;0;1
7437;69531;1;0
2703;69531;1;0
8922;70411;1;1
79664;70411;1;1
40073;70411;1;0
40083;70411;1;1
40068;70411;0;1
8924;70411;1;0
12932;70492;1;1
12948;70492;1;1
12923;70492;1;1
54393;70492;1;1
12924;70492;1;1
12929;70492;0;1
69531;70492;0;1
2686;70492;1;1
12925;70492;0;1
78976;70492;1;0
92988;70998;1;1
9956;70998;1;1
12928;71024;1;1
36841;71024;0;1
12939;71025;1;1
12945;71025;1;1
60719;71025;0;1
54370;71025;0;1
9927;71025;0;1
12948;71126;0;1
12929;71126;1;1
54364;71126;1;1
78976;71126;1;1
12925;71126;1;1
43123;71126;1;0
12931;71126;0;1
12924;71126;0;1
8908;71126;1;0
12934;71126;0;1
43126;71126;1;0
12932;71126;0;1
8909;71132;1;1
40065;71132;0;1
40066;71132;1;1
8914;71132;1;0
8916;71132;1;0
7444;71132;1;0
40074;71132;1;0
7442;71132;1;0
80891;71555;0;1
36868;71555;1;1
85068;71555;0;1
9924;71555;0;1
36837;71555;0;1
94305;71555;0;1
7437;71555;0;1
7452;71555;1;1
7459;71555;0;1
36877;71555;0;1
7436;71555;0;1
7439;71555;1;1
36839;71555;0;1
36865;71555;0;1
7451;71555;0;1
54753;71555;0;1
8912;71889;1;1
8924;71889;1;1
12930;71889;0;1
62161;71889;0;1
40083;71889;0;1
58429;71889;1;0
8922;71889;0;1
8917;71889;0;1
40074;71889;0;1
8908;71889;0;1
9938;71963;1;0
9952;71963;1;0
9922;72071;0;1
43551;72071;0;1
9950;72071;1;1
43548;72071;1;0
9925;72071;0;1
85232;72071;0;1
43542;72071;1;0
9938;72071;1;1
77958;72071;0;1
95530;72071;0;1
9928;72071;0;1
43547;72071;0;1
91627;72071;0;1
43544;72071;0;1
9944;72071;1;0
36936;72190;0;1
7442;72190;0;1
57200;72190;1;1
54377;72190;1;1
73243;72190;0;1
54379;72190;0;1
54392;72190;0;1
54372;72190;0;1
9934;73026;1;0
7447;73243;0;1
36886;73243;1;1
7431;73243;1;1
7440;73243;1;1
61474;73243;0;1
75366;73243;0;1
72190;73243;0;1
36860;73243;1;0
36875;73243;0;1
7445;73243;0;1
36853;73243;1;0
36868;73243;0;1
66473;73243;1;1
36856;73243;0;1
7410;73243;1;1
36855;73243;0;1
111607;73243;0;1
36859;73243;1;0
57200;73243;0;1
7409;73243;1;0
36936;73243;0;1
12925;73834;0;1
60719;73834;0;1
7440;73834;0;1
12937;73834;1;1
36854;73834;1;0
54368;73834;0;1
82797;73834;1;1
54379;73834;0;1
12936;73834;0;1
9933;73983;0;1
36859;73983;0;1
7431;73983;0;1
43553;73983;0;1
7444;73983;0;1
7440;73983;0;1
60017;73983;0;1
36853;73983;0;1
9955;73983;0;1
85068;73983;0;1
7442;73983;0;1
2703;73991;0;1
2686;73991;1;1
8922;73991;0;1
8917;73991;0;1
40078;73991;0;1
40083;73991;0;1
12923;73991;0;1
12933;73991;0;1
40068;73991;0;1
40062;73991;0;1
8910;73991;0;1
12934;73991;0;1
54753;74204;1;1
7436;74204;1;1
7439;74204;1;0
7432;74204;1;0
36877;74204;1;0
7451;74204;1;0
36868;74204;1;0
7452;74204;1;0
7441;75366;1;1
66473;75366;1;1
36887;75366;1;0
7440;75366;0;1
7445;75366;0;1
61474;75366;0;1
36886;75366;0;1
36855;75366;0;1
73243;75366;0;1
36875;75366;0;1
7431;75366;0;1
36856;75366;0;1
36830;75366;1;0
36888;75366;1;0
7447;75366;0;1
36919;76361;0;1
43122;76361;0;1
78463;76361;0;1
57256;76361;0;1
43121;76361;0;1
43120;76361;0;1
36921;76361;0;1
43552;77119;0;1
36851;77119;1;0
36864;77119;0;1
9932;77119;0;1
110698;77714;0;1
36879;77714;1;1
104079;77714;0;1
36892;77714;0;1
7476;77714;0;1
7453;77714;0;1
36873;77714;0;1
7449;77714;1;0
43547;77958;0;1
43538;77958;0;1
9925;77958;0;1
91627;77958;0;1
9928;77958;1;1
9950;77958;1;1
9938;77958;0;1
43553;77958;1;0
43552;77958;1;0
85232;77958;0;1
95530;77958;0;1
72071;77958;0;1
110284;77958;0;1
9922;77958;0;1
43544;77958;0;1
43551;77958;0;1
57256;78463;0;1
43120;78463;0;1
43122;78463;0;1
76361;78463;0;1
36872;78538;1;0
36892;78538;1;0
7453;78538;1;0
36879;78538;1;0
36873;78538;1;0
54388;78542;1;1
9948;78762;1;1
105410;78762;0;1
9935;78762;1;0
2693;78976;1;0
12925;78976;1;1
12948;78976;1;1
54364;78976;1;1
54393;78976;1;0
12923;78976;1;1
71126;78976;1;1
12931;78976;0;1
12932;78976;0;1
69278;78976;1;0
2687;78976;1;0
12929;78976;1;0
12934;78976;1;0
54384;78976;0;1
12924;78976;0;1
54381;78976;1;0
70492;78976;1;0
57200;78976;1;0
54390;78976;0;1
70411;79664;1;1
8922;79664;1;1
8912;79664;1;1
40063;79664;1;1
62161;79664;1;0
40083;79664;1;1
12951;79664;1;0
40071;79664;1;0
8924;79664;1;1
40073;79664;1;1
40069;79664;1;0
58429;79664;0;1
12923;79664;1;0
12934;79804;0;1
8922;79804;1;1
58364;79804;0;1
12923;79804;1;1
8917;79804;1;0
12930;79804;1;1
54384;79804;0;1
12938;79804;1;0
12921;79804;1;0
12931;79804;0;1
8910;79804;1;1
8923;79804;0;1
12935;79804;0;1
63112;79804;0;1
2703;79804;1;0
62161;79804;1;0
69531;80349;1;1
2698;80349;0;1
22693;80349;0;1
12925;80349;0;1
2695;80349;0;1
82797;80349;0;1
2697;80349;0;1
12924;80349;0;1
2705;80349;0;1
60797;80349;1;0
108863;80349;0;1
12932;80349;0;1
2686;80349;0;1
36836;80484;0;1
7409;80484;1;1
36837;80484;1;1
7410;80484;0;1
36923;80891;1;1
7418;80891;0;1
7447;80891;1;1
7475;80891;1;1
8913;80891;0;1
43552;80891;1;0
36939;80891;0;1
43550;80891;1;0
61098;80891;0;1
36836;80891;0;1
36926;80891;0;1
65585;80891;0;1
7466;80891;1;1
71555;80891;0;1
68349;80891;1;1
7463;80891;1;1
36938;80891;0;1
43119;80891;1;1
36936;80891;1;1
36929;80891;1;0
36924;80891;1;1
7474;80891;1;1
115654;80891;0;1
7473;80891;1;0
7434;80891;1;0
63175;80891;0;1
9924;80891;1;0
81353;80891;0;1
43124;80891;0;1
7445;80891;1;1
36934;80891;0;1
36886;80891;0;1
7470;80891;0;1
12945;80891;0;1
116611;80891;0;1
36918;80891;0;1
7449;81353;1;0
63175;81353;0;1
43119;81353;1;1
115654;81353;0;1
80891;81353;0;1
7476;81353;1;1
7418;81353;0;1
36924;81353;0;1
36873;81353;1;0
36939;81353;0;1
7466;81353;0;1
36851;81353;0;1
36886;81353;0;1
36836;81353;0;1
36934;81353;0;1
40067;81356;0;1
55441;81356;0;1
84786;81356;0;1
40073;81356;0;1
40084;81356;0;1
9928;81491;0;1
36925;81491;0;1
36889;81491;1;0
68349;81491;1;1
7463;81491;1;1
36923;81491;1;0
7472;81491;1;0
54384;82263;0;1
12923;82263;1;1
2687;82263;0;1
54365;82263;1;0
2705;82263;1;1
2698;82263;1;0
7462;82263;1;0
63112;82263;0;1
2694;82263;1;0
85068;82797;1;1
73834;82797;1;1
36854;82797;0;1
12937;82797;1;1
12925;82797;0;1
36889;82797;0;1
7440;82797;1;0
80349;82797;0;1
69531;82797;0;1
7442;82797;0;1
85782;82797;1;1
7437;82797;0;1
7444;82797;0;1
40069;82823;1;1
40071;82823;1;1
54391;82823;1;1
40072;82823;1;1
54372;82823;1;1
8909;82823;0;1
40064;82823;1;1
40065;82823;0;1
54379;82823;0;1
85782;83349;1;0
40084;84786;0;1
40067;84786;0;1
40073;84786;0;1
81356;84786;0;1
94305;85068;0;1
54376;85068;0;1
36854;85068;1;1
82797;85068;1;1
40066;85068;1;1
7444;85068;1;1
43553;85068;0;1
40071;85068;1;0
60017;85068;0;1
7437;85068;1;1
7442;85068;1;1
7431;85068;0;1
9933;85068;0;1
71555;85068;0;1
8914;85068;1;0
7452;85068;0;1
8916;85068;1;0
73983;85068;0;1
36877;85068;0;1
36889;85068;1;0
36837;85068;0;1
8909;85068;1;0
36859;85068;0;1
7440;85068;1;1
36839;85068;0;1
54372;85068;0;1
36868;85068;0;1
36853;85068;0;1
54379;85068;0;1
9955;85068;0;1
69531;85068;1;0
7434;85083;1;1
36862;85083;1;1
7455;85083;1;1
36885;85083;1;1
7450;85083;1;1
9928;85232;0;1
9950;85232;0;1
72071;85232;0;1
77958;85232;0;1
9936;85232;0;1
9922;85232;0;1
43551;85232;0;1
89485;85232;0;1
9925;85232;0;1
43547;85232;0;1
43538;85232;0;1
9938;85232;0;1
110284;85232;0;1
9939;85232;1;1
91627;85232;0;1
95530;85232;0;1
106593;85232;0;1
56019;85232;0;1
43544;85232;0;1
54386;85423;0;1
12946;85423;0;1
2695;85423;1;0
12922;85423;1;1
54389;85423;1;0
36889;85490;0;1
36863;85764;0;1
7452;85764;1;0
7436;85764;1;1
7432;85764;0;1
7439;85764;1;1
94287;85764;0;1
36868;85764;0;1
36877;85764;1;0
54753;85764;0;1
22692;85782;1;1
82797;85782;1;1
2688;85782;1;1
83349;85782;1;0
67061;85782;0;1
85232;89485;0;1
91669;90533;0;1
56019;91078;0;1
9948;91078;0;1
9938;91627;0;1
9928;91627;0;1
77958;91627;0;1
72071;91627;0;1
110284;91627;0;1
9950;91627;0;1
99162;91627;0;1
9925;91627;0;1
95530;91627;0;1
43544;91627;0;1
43547;91627;0;1
85232;91627;0;1
43551;91627;0;1
43538;91627;0;1
56019;91627;0;1
9922;91627;0;1
43539;91627;0;1
90533;91669;0;1
2688;92805;1;1
22693;92805;0;1
9938;92988;0;1
110886;92988;0;1
7463;92988;0;1
36889;92988;0;1
9945;92988;0;1
70998;92988;1;1
9925;92988;0;1
36926;92988;0;1
7461;92988;0;1
106052;92988;0;1
43544;92988;0;1
7432;94287;0;1
36863;94287;0;1
7439;94287;0;1
85764;94287;0;1
7436;94287;0;1
85068;94305;0;1
36837;94305;0;1
36839;94305;0;1
36889;94305;0;1
36877;94305;0;1
71555;94305;0;1
7431;94305;0;1
7437;94305;0;1
7445;94305;0;1
7442;94305;0;1
36837;94483;0;1
36839;94483;0;1
36836;94483;0;1
36830;94483;0;1
43548;94483;0;1
9940;95530;0;1
43547;95530;0;1
9928;95530;0;1
72071;95530;0;1
77958;95530;0;1
9950;95530;0;1
43544;95530;0;1
91627;95530;0;1
43551;95530;0;1
9925;95530;0;1
9922;95530;0;1
9938;95530;0;1
85232;95530;0;1
10578;98177;0;1
43538;98336;0;1
43538;99162;0;1
91627;99162;0;1
43538;99989;0;1
108182;101325;0;1
7453;104079;0;1
77714;104079;0;1
78762;105410;0;1
7463;106052;0;1
7461;106052;0;1
9938;106052;0;1
36926;106052;0;1
9945;106052;0;1
110886;106052;0;1
36889;106052;0;1
92988;106052;0;1
9948;106052;0;1
9925;106052;0;1
9947;106052;0;1
43544;106052;0;1
36924;106052;0;1
110284;106593;0;1
85232;106593;0;1
56019;106593;0;1
101325;108182;0;1
80349;108863;0;1
12933;108863;0;1
22695;108863;1;0
2703;108863;0;1
2686;108863;1;0
85232;110284;0;1
77958;110284;0;1
106593;110284;0;1
91627;110284;0;1
43538;110284;0;1
43547;110480;0;1
43539;110480;0;1
77714;110698;0;1
36926;110886;0;1
9925;110886;0;1
106052;110886;0;1
9938;110886;0;1
43544;110886;0;1
7463;110886;0;1
7461;110886;0;1
36889;110886;0;1
92988;110886;0;1
9945;110886;0;1
40062;111483;0;1
62161;111483;0;1
8910;111483;0;1
8908;111483;0;1
8914;111483;0;1
36853;111607;0;1
36859;111607;0;1
36888;111607;0;1
7410;111607;0;1
7440;111607;0;1
9933;111607;0;1
66473;111607;0;1
7431;111607;0;1
73243;111607;0;1
54368;111607;0;1
36860;111607;0;1
36841;111607;0;1
36838;111607;0;1
36934;114782;0;1
7458;114782;0;1
9928;115079;1;1
43551;115079;0;1
43119;115654;0;1
80891;115654;0;1
7418;115654;0;1
81353;115654;0;1
7434;116035;0;1
7446;116035;0;1
2686;116508;0;1
22692;116508;0;1
69278;116508;0;1
7435;116573;0;1
36884;116573;0;1
36864;116573;0;1
56660;116573;0;1
80891;116611;0;1
36851;116611;0;1
36929;116611;0;1
7474;116611;0;1
43546;116611;0;1
36924;116611;0;1
7463;116611;0;1
36926;116611;0;1
